{
    "MSE": 0.7718642320102347,
    "RMSE": 0.8785580413440165,
    "R2": 0.22881164332464854
}